time_ms,angle_deg,omega_deg_s,ax,ay,az,gx,gy,gz
3530,0.0165,1.5064,601,63,4125,-11,3,4
3540,0.0586,1.3845,628,162,4151,-13,6,1
3550,0.1057,1.3235,641,185,4151,-14,7,3
3560,0.1372,0.7747,657,151,4141,-23,7,4
3570,0.1658,0.5918,642,149,4129,-26,6,7
3580,0.1868,0.5918,623,123,4099,-26,6,5
3590,0.2064,0.4698,630,124,4116,-28,10,4
3600,0.2401,0.1649,632,187,4120,-33,10,9
3610,0.2592,-0.0790,628,147,4162,-37,8,6
3620,0.2798,-0.2009,621,155,4077,-39,9,6
3630,0.3029,-0.6277,628,182,4119,-46,11,7
3640,0.3221,-0.8716,652,179,4132,-50,12,10
3650,0.3244,-0.9326,650,121,4118,-51,17,9
3660,0.3233,-0.7497,634,103,4138,-48,15,9
3670,0.3286,-0.6887,651,124,4149,-47,17,8
3680,0.3313,-0.6887,662,115,4135,-47,22,8
3690,0.3335,-0.6277,612,111,4134,-46,24,8
3700,0.3348,-0.5058,615,104,4154,-44,20,5
3710,0.3396,-0.3229,626,111,4180,-41,18,8
3720,0.3346,-0.2009,588,70,4113,-39,16,6
3730,0.3287,0.3479,564,48,4160,-30,14,5
3740,0.3287,0.7747,582,53,4129,-23,3,2
3750,0.3347,1.1405,588,62,4130,-17,1,4
3760,0.3458,1.4454,563,70,4124,-12,-1,1
3770,0.3661,1.7503,588,93,4124,-7,-1,4
3780,0.3873,1.9942,641,89,4123,-3,-9,3
3790,0.4158,1.9942,657,117,4127,-3,-4,2
3800,0.4551,1.6893,648,170,4159,-8,-2,0
3810,0.5005,1.5064,675,199,4105,-11,-1,3
3820,0.5417,0.8966,649,213,4187,-21,1,3
3830,0.5727,0.5918,626,187,4129,-26,1,6
3840,0.5899,0.3479,629,148,4133,-30,5,6
3850,0.6097,-0.0180,644,172,4147,-36,4,6
3860,0.6235,-0.0180,598,152,4144,-36,3,6
3870,0.6324,-0.1399,639,139,4139,-38,5,7
3880,0.6534,-0.3229,657,190,4134,-41,2,5
3890,0.6741,-0.7497,682,205,4130,-48,6,6
3900,0.6894,-1.3595,637,210,4154,-58,7,9
3910,0.6895,-1.6034,628,164,4137,-62,9,11
3920,0.6769,-1.7863,622,125,4154,-65,10,12
3930,0.6601,-1.6643,651,105,4170,-63,7,9
3940,0.6422,-1.5424,629,96,4192,-61,12,9
3950,0.6260,-1.4204,668,95,4132,-59,13,12
3960,0.6125,-1.2985,644,99,4128,-57,19,7
3970,0.5985,-0.9936,646,86,4145,-52,15,9
3980,0.5852,-0.6277,638,75,4166,-46,15,11
3990,0.5738,-0.2619,598,68,4176,-40,14,4
4000,0.5684,-0.1399,631,84,4146,-38,11,6
4010,0.5681,0.2259,615,89,4143,-32,9,8
4020,0.5704,0.3479,639,94,4141,-30,10,6
4030,0.5759,0.6527,569,95,4136,-25,9,3
4040,0.5821,0.8357,640,92,4158,-22,11,7
4050,0.5975,0.9576,619,121,4151,-20,11,4
4060,0.6191,0.9576,639,144,4130,-20,12,5
4070,0.6353,0.8966,643,127,4087,-21,13,5
4080,0.6539,0.5918,641,149,4136,-26,9,6
4090,0.6656,0.5918,640,126,4156,-26,10,7
4100,0.6713,0.7137,612,101,4150,-24,11,6
4110,0.6869,0.7137,616,137,4150,-24,10,5
4120,0.7018,0.8357,633,131,4148,-22,9,3
4130,0.7231,0.5918,632,164,4146,-26,10,7
4140,0.7383,0.4698,631,147,4123,-28,10,5
4150,0.7451,0.2869,632,125,4143,-31,10,6
4160,0.7654,0.2259,627,177,4156,-32,10,6
4170,0.7867,0.0430,626,189,4165,-35,13,5
4180,0.8040,-0.2619,633,186,4149,-40,10,9
4190,0.8152,-0.4448,600,173,4178,-43,11,7
4200,0.8121,-0.6887,610,129,4137,-47,14,9
4210,0.8098,-0.6277,586,130,4147,-46,7,9
4220,0.7982,-0.6887,599,99,4179,-47,7,6
4230,0.7882,-0.6277,621,101,4153,-46,7,8
4240,0.7922,-0.5668,645,150,4175,-45,3,5
4250,0.7822,-0.6277,612,100,4128,-46,4,6
4260,0.7691,-0.4448,617,82,4145,-43,2,7
4270,0.7609,-0.1399,605,88,4149,-38,4,5
4280,0.7578,0.1040,639,97,4123,-34,6,4
4290,0.7521,0.3479,634,79,4159,-30,8,7
4300,0.7570,0.5918,603,108,4129,-26,8,5
4310,0.7545,1.0796,550,65,4184,-18,-3,4
4320,0.7388,2.1162,585,-20,4127,-1,-8,3
4330,0.7376,2.9698,693,1,4150,13,-4,1
4340,0.7498,3.7625,782,21,4112,26,6,0
4350,0.7618,4.6162,731,-9,4126,40,20,0
4360,0.7868,5.4088,647,11,4136,53,25,-1
4370,0.8184,6.3845,554,2,4165,69,21,-4
4380,0.8542,7.2991,542,-13,4128,84,11,-4
4390,0.9041,8.2747,577,6,4151,100,2,-5
4400,0.9575,9.1893,636,-10,4126,115,4,-6
4410,1.0220,10.3479,690,-7,4137,134,7,-10
4420,1.0950,11.5674,702,-15,4147,154,14,-14
4430,1.1809,12.6649,651,-2,4158,172,19,-13
4440,1.2748,13.8235,620,-8,4146,191,21,-17
4450,1.3777,15.2259,595,-18,4096,214,15,-19
4460,1.4955,16.5064,589,-2,4093,235,12,-22
4470,1.6260,18.0918,601,-4,4141,261,11,-23
4480,1.7670,19.6771,641,-13,4112,287,11,-26
4490,1.9249,21.4454,641,-4,4122,316,18,-30
4500,2.0953,23.1527,666,-8,4125,344,20,-36
4510,2.3000,24.7991,607,70,4146,371,20,-35
4520,2.5148,26.5674,625,58,4091,400,20,-38
4530,2.7380,28.2137,622,46,4129,427,18,-41
4540,2.9591,30.5918,634,-29,4061,466,19,-45
4550,3.1933,33.3966,636,-65,4114,512,16,-53
4560,3.4577,36.0796,628,-34,4091,556,23,-55
4570,3.7540,38.7625,611,5,4085,600,23,-55
4580,4.0571,41.7503,610,-54,4072,649,25,-64
4590,4.3849,45.2869,605,-68,4067,707,28,-74
4600,4.7454,48.8845,599,-53,4024,766,32,-74
4610,5.1429,52.8479,596,-34,4033,831,26,-78
4620,5.5608,57.0552,612,-79,4007,900,30,-86
4630,6.0094,61.4454,613,-94,4047,972,29,-96
4640,6.4988,66.3845,623,-87,3962,1053,31,-103
4650,7.0299,71.4454,617,-80,3924,1136,34,-112
4660,7.5948,77.1162,590,-118,3921,1229,36,-127
4670,8.2026,83.2747,637,-137,3864,1330,41,-139
4680,8.8570,89.8601,567,-156,3854,1438,42,-147
4690,9.5683,97.2991,558,-163,3782,1560,44,-157
4700,10.3231,104.4942,510,-199,3672,1678,35,-165
4710,11.1343,112.8479,565,-232,3663,1815,33,-177
4720,12.0183,122.2381,638,-235,3561,1969,42,-195
4730,12.9675,131.9332,662,-266,3473,2128,52,-216
4740,13.9843,142.4820,586,-304,3327,2301,62,-255
4750,15.0910,154.3113,529,-309,3208,2495,69,-291
4760,16.2723,166.4454,412,-358,3087,2694,65,-292
4770,17.5509,179.8601,396,-368,2939,2914,54,-306
4780,18.9158,193.8235,459,-409,2773,3143,54,-352
4790,20.3752,208.3357,406,-431,2601,3381,51,-373
4800,22.1939,223.2137,333,105,2208,3625,55,-434
4810,24.6472,130.8967,257,24123,3600,2111,-147,-1551
4820,25.9204,17.3601,2963,14901,2470,249,262,-1658
4830,24.1943,6.8723,-2528,-4021,2052,77,268,-2133
4840,24.8936,4.5552,-191,3990,2521,39,29,-2809
4850,23.9293,-0.3838,1896,-1818,4424,-42,-192,-1791
4860,22.5216,21.2015,-4008,-4645,3126,312,-198,-2080
4870,22.0996,25.0430,88,-539,3038,375,-195,-1678
4880,22.2011,31.2015,861,744,3308,476,-284,-1515
4890,22.9597,26.2015,305,3432,3081,394,-297,-1361
4900,23.7214,14.7381,590,4951,3517,206,-154,-1415
4910,24.1683,-3.9204,1031,3855,3378,-100,-28,-871
4920,24.4836,-1.2985,429,2937,3336,-57,-51,-779
4930,24.3348,1.3845,-98,1037,3359,-13,-68,-472
4940,24.6419,2.0552,-109,2840,3449,-2,-91,-203
4950,24.7932,-0.4448,-232,2185,3337,-43,-57,41
4960,25.0967,-1.6034,34,2969,3351,-62,-45,46
4970,25.1501,-8.3107,-10,2091,3266,-172,-14,408
4980,25.2992,-8.6155,70,2649,3438,-177,-44,617
4990,25.2838,-7.8229,-56,1845,3308,-164,-66,801
5000,25.3087,-8.2497,157,2046,3357,-171,-61,950
5010,25.3915,-10.1399,244,2380,3373,-202,-62,1072
5020,25.5153,-11.9692,285,2671,3390,-232,-59,1169
5030,25.5381,-12.7009,225,2244,3369,-244,-52,1272
5040,25.5242,-13.0058,269,2102,3363,-249,-48,1378
5050,25.5258,-12.4570,214,2176,3416,-240,-45,1459
5060,25.5295,-12.7619,303,2224,3457,-245,-49,1531
5070,25.5647,-13.4326,375,2336,3379,-256,-55,1583
5080,25.5940,-14.1034,334,2366,3413,-267,-58,1616
5090,25.5487,-12.8229,445,2036,3470,-246,-60,1596
5100,25.6990,-2.1521,905,2267,3249,-71,-51,1074
5110,26.0574,-1.6643,1062,3546,3518,-63,39,460
5120,26.1652,-6.4204,506,2654,3737,-141,56,-70
5130,25.9412,1.8723,-53,848,3202,-5,26,-330
5140,26.1107,5.1649,175,2345,3656,49,-4,-280
5150,26.2606,4.6162,256,2156,3433,40,-5,-338
5160,26.5432,2.4210,446,2781,3315,4,5,-314
5170,26.6319,3.0308,433,2049,3509,14,-15,-311
5180,26.7538,1.7503,405,2250,3510,-7,-15,-249
5190,26.8750,1.2625,459,2252,3470,-15,-3,-146
5200,27.0144,-0.0790,521,2381,3442,-37,10,-17
5210,27.1083,-0.4448,396,2236,3481,-43,-7,48
5220,27.1829,-1.1155,394,2126,3379,-54,-12,125
5230,27.2835,-1.2985,424,2266,3406,-57,-10,140
5240,27.3753,-0.6277,547,2251,3470,-46,-3,49
5250,27.4848,0.1649,609,2274,3428,-33,5,-40
5260,27.5704,0.6527,506,2173,3446,-25,9,-62
5270,27.6654,0.6527,442,2207,3426,-25,11,-41
5280,27.7677,0.5308,475,2253,3429,-27,12,-20
5290,27.8647,0.2259,452,2249,3424,-32,16,12
5300,27.9661,0.1649,412,2272,3414,-33,9,28
5310,28.0678,0.1649,414,2281,3413,-33,5,23
5320,28.1674,-0.2009,449,2298,3415,-39,2,13
5330,28.2594,-0.2619,450,2270,3406,-40,3,2
5340,28.3436,-0.3838,471,2267,3432,-42,-3,-1
5350,28.4199,-0.2619,448,2238,3436,-40,-2,8
5360,28.5032,-0.2619,468,2266,3423,-40,-3,16
5370,28.5806,-0.2009,514,2262,3449,-39,-3,17
5380,28.6568,-0.2009,505,2229,3396,-39,0,7
5390,28.7292,0.0430,454,2245,3451,-35,3,3
5400,28.8023,0.0430,479,2245,3437,-35,5,-2
5410,28.8785,0.0430,461,2242,3403,-35,9,3
5420,28.9472,0.0430,436,2232,3426,-35,4,5
5430,29.0259,-0.1399,426,2287,3424,-38,1,7
5440,29.0959,-0.3229,459,2265,3426,-41,1,9
5450,29.1672,-0.4448,458,2278,3420,-43,6,9
5460,29.2278,-0.2009,469,2220,3407,-39,7,8
5470,29.2902,-0.0180,477,2228,3412,-36,8,8
5480,29.3538,0.1040,526,2227,3402,-34,12,7
5490,29.4222,0.1649,462,2258,3414,-33,11,5
5500,29.4791,0.2869,436,2232,3448,-31,11,0
5510,29.5448,0.2869,451,2253,3415,-31,10,3
5520,29.6114,0.1040,470,2276,3424,-34,8,6
5530,29.6764,-0.0180,431,2279,3423,-36,7,5
5540,29.7307,-0.0790,422,2255,3443,-37,3,9
5550,29.7921,-0.3229,463,2272,3401,-41,1,9
5560,29.8395,-0.3229,468,2237,3430,-41,3,10
5570,29.8866,-0.3229,465,2255,3454,-41,1,8
5580,29.9349,-0.4448,489,2246,3418,-43,6,8
5590,29.9806,-0.2009,462,2232,3423,-39,10,6
5600,30.0225,0.0430,498,2228,3451,-35,15,7
5610,30.0691,0.0430,453,2257,3460,-35,16,7
5620,30.1226,-0.0790,460,2272,3423,-37,16,7
5630,30.1737,-0.2009,420,2271,3423,-39,11,3
5640,30.2238,-0.0790,448,2257,3409,-37,7,5
5650,30.2585,-0.1399,464,2259,3503,-38,6,8
5660,30.3041,-0.2009,467,2266,3433,-39,7,7
5670,30.3425,-0.3838,468,2259,3452,-42,6,7
5680,30.3840,-0.3838,455,2248,3410,-42,9,3
5690,30.4183,-0.3229,491,2254,3465,-41,8,8
5700,30.4552,-0.2619,477,2237,3421,-40,8,9
5710,30.5019,-0.5668,465,2279,3397,-45,13,6
5720,30.5344,-0.5668,451,2244,3430,-45,9,8
5730,30.5654,-0.2619,463,2220,3418,-40,11,5
5740,30.5909,-0.3838,492,2224,3449,-42,12,9
5750,30.6226,-0.1399,483,2233,3434,-38,14,6
5760,30.6544,-0.1399,453,2229,3423,-38,19,9
5770,30.6920,-0.0790,434,2244,3408,-37,12,4
5780,30.7279,-0.1399,442,2251,3421,-38,13,7
5790,30.7582,0.0430,468,2219,3416,-35,7,7
5800,30.7927,0.2259,462,2246,3437,-32,8,9
5810,30.8358,0.1649,486,2263,3399,-33,8,6
5820,30.8716,0.0430,475,2257,3424,-35,14,7
5830,30.9064,0.0430,458,2254,3421,-35,13,2
5840,30.9280,0.2259,483,2217,3458,-32,17,7
5850,30.9465,0.3479,510,2183,3430,-30,22,11
5860,30.9763,0.6527,460,2215,3423,-25,25,11
5870,31.0152,0.9576,431,2255,3441,-20,24,5
5880,31.0617,0.8966,394,2280,3420,-21,20,1
5890,31.1223,0.7137,368,2323,3376,-24,9,-2
5900,31.1678,0.1649,378,2305,3404,-33,0,1
5910,31.2012,0.0430,428,2273,3420,-35,-8,9
5920,31.2261,-0.2619,458,2250,3417,-40,-9,12
5930,31.2484,-0.3838,511,2252,3426,-42,-8,14
5940,31.2719,-0.3229,557,2253,3421,-41,4,10
5950,31.3001,-0.1399,511,2252,3397,-38,11,3
5960,31.3229,-0.1399,538,2247,3421,-38,18,-1
5970,31.3406,-0.1399,470,2246,3450,-38,23,2
5980,31.3646,-0.0790,518,2266,3441,-37,23,11
5990,31.3922,-0.3838,481,2293,3435,-42,28,12
6000,31.4156,-0.7497,431,2301,3448,-48,30,9
6010,31.4275,-1.1155,409,2259,3433,-54,21,5
6020,31.4468,-1.2985,367,2289,3417,-57,16,5
6030,31.4563,-1.4204,392,2271,3443,-59,7,7
6040,31.4696,-1.7863,388,2296,3432,-65,-1,8
6050,31.4827,-2.2131,402,2296,3404,-72,-10,10
6060,31.4936,-2.4570,365,2273,3367,-76,-20,6
6070,31.4832,-2.7009,385,2264,3475,-80,-28,3
6080,31.4654,-2.7619,383,2228,3466,-81,-32,1
6090,31.4553,-2.5790,421,2226,3426,-78,-38,1
6100,31.4456,-2.3960,412,2207,3407,-75,-41,-2
6110,31.4308,-2.1521,400,2208,3459,-71,-46,-2
6120,31.4162,-1.8473,433,2192,3455,-66,-49,-8
6130,31.4189,-1.4814,511,2203,3384,-60,-51,-8
6140,31.4144,-1.4204,455,2207,3440,-59,-54,-5
6150,31.4035,-1.2375,474,2148,3403,-56,-57,-3
6160,31.3965,-0.6277,491,2164,3443,-46,-51,2
6170,31.3975,-0.3229,512,2174,3426,-41,-49,-3
6180,31.4056,-0.0790,455,2216,3461,-37,-49,-9
6190,31.4121,0.2259,442,2188,3447,-32,-55,-14
6200,31.4256,0.4088,459,2211,3447,-29,-56,-16
6210,31.4429,0.5918,504,2193,3404,-26,-57,-22
6220,31.4512,1.1405,554,2148,3426,-17,-51,-22
6230,31.4645,1.6284,612,2169,3457,-9,-40,-20
6240,31.4925,1.9942,628,2209,3444,-3,-27,-20
6250,31.5356,1.9942,630,2267,3430,-3,-7,-16
6260,31.5719,2.0552,636,2262,3466,-2,8,-10
6270,31.6045,1.9332,635,2247,3454,-4,29,2
6280,31.6415,1.5674,606,2268,3430,-10,39,8
6290,31.6827,1.3235,489,2304,3436,-14,46,6
6300,31.7192,1.2015,497,2279,3416,-16,47,7
6310,31.7517,0.8966,453,2282,3423,-21,49,15
6320,31.7829,0.4698,477,2291,3413,-28,46,24
6330,31.8140,0.2259,478,2303,3412,-32,41,23
6340,31.8358,0.1649,470,2278,3427,-33,39,15
6350,31.8500,-0.1399,454,2261,3429,-38,37,7
6360,31.8572,-0.1399,413,2262,3474,-38,31,6
6370,31.8646,-0.2619,471,2273,3481,-40,27,10
6380,31.8758,-0.6277,438,2273,3431,-46,25,13
6390,31.8820,-0.8107,437,2267,3442,-49,21,14
6400,31.8908,-0.9936,428,2267,3412,-52,14,10
6410,31.8951,-0.9936,469,2240,3400,-52,11,10
6420,31.9013,-0.9326,477,2245,3398,-51,6,12
6430,31.8944,-0.8107,504,2216,3446,-49,5,11
6440,31.8958,-0.6277,466,2239,3440,-46,8,10
6450,31.8867,-0.3229,437,2200,3468,-41,6,5
6460,31.8841,-0.0180,512,2208,3459,-36,9,4
6470,31.8870,0.1649,502,2219,3451,-33,9,6
6480,31.8964,0.3479,451,2226,3431,-30,6,3
6490,31.9082,0.4088,490,2241,3441,-29,9,4
6500,31.9315,0.4088,459,2277,3419,-29,5,5
6510,31.9458,0.1649,506,2251,3420,-33,9,8
6520,31.9585,0.1040,569,2248,3420,-34,12,10
6530,31.9669,0.1040,564,2240,3434,-34,20,8
6540,31.9797,0.0430,528,2247,3411,-35,31,8
6550,31.9963,0.1649,541,2247,3392,-33,37,10
6560,32.0095,-0.0180,511,2268,3433,-36,42,11
6570,32.0250,-0.2619,458,2307,3459,-40,45,12
6580,32.0326,-0.5668,435,2280,3448,-45,44,12
6590,32.0520,-0.7497,381,2294,3381,-48,33,11
6600,32.0630,-1.0546,353,2301,3423,-53,20,6
6610,32.0588,-1.3595,359,2259,3438,-58,4,6
6620,32.0503,-1.2375,378,2233,3435,-56,-7,10
6630,32.0402,-1.3595,410,2245,3457,-58,-15,7
6640,32.0438,-1.2375,482,2266,3408,-56,-14,7
6650,32.0271,-1.1155,474,2199,3446,-54,-9,5
6660,32.0168,-0.9326,497,2196,3413,-51,-10,3
6670,32.0042,-0.6887,522,2186,3430,-47,-7,6
6680,31.9938,-0.3229,486,2186,3440,-41,-5,6
6690,31.9823,0.1040,497,2155,3428,-34,-2,6
6700,31.9750,0.2869,476,2178,3450,-31,1,5
6710,31.9690,0.4698,489,2180,3457,-28,-2,2
6720,31.9759,0.7747,511,2217,3450,-23,5,1
6730,31.9859,0.9576,494,2223,3450,-20,0,2
6740,31.9931,1.0186,487,2210,3451,-19,0,3
6750,32.0109,1.2015,479,2220,3408,-16,0,3
6760,32.0248,1.2015,479,2230,3446,-16,1,5
6770,32.0413,1.2015,521,2218,3409,-16,3,5
6780,32.0579,1.3845,507,2226,3430,-13,10,2
6790,32.0800,1.3845,477,2268,3456,-13,8,2
6800,32.1094,1.0796,468,2309,3448,-18,5,0
6810,32.1437,0.5308,428,2313,3384,-27,0,0
6820,32.1643,-0.1399,436,2310,3421,-38,-6,2
6830,32.1747,-0.4448,473,2275,3412,-43,-5,9
6840,32.1731,-0.5058,517,2242,3435,-44,-5,15
6850,32.1721,-0.6887,549,2248,3429,-47,2,14
6860,32.1762,-0.6887,507,2270,3429,-47,8,2
6870,32.1737,-0.8716,453,2245,3422,-50,10,-2
6880,32.1822,-0.7497,464,2251,3368,-48,9,2
6890,32.1753,-0.9326,448,2233,3428,-51,4,8
6900,32.1637,-0.8107,426,2233,3467,-49,-1,8
6910,32.1568,-0.7497,471,2238,3450,-48,-6,8
6920,32.1511,-0.6277,523,2215,3415,-46,-2,3
6930,32.1385,-0.4448,547,2208,3462,-43,2,3
6940,32.1313,-0.3838,526,2212,3438,-42,6,6
6950,32.1224,-0.3838,533,2213,3452,-42,11,7
6960,32.1105,-0.1399,521,2201,3470,-38,14,8
6970,32.1032,0.0430,557,2215,3475,-35,20,11
6980,32.1094,0.1649,535,2239,3432,-33,28,4
6990,32.1183,0.2259,509,2227,3399,-32,37,8
7000,32.1247,0.0430,453,2247,3433,-35,36,13
7010,32.1362,0.1040,464,2261,3424,-34,29,13
7020,32.1475,-0.0790,395,2249,3394,-37,24,11
7030,32.1484,-0.1399,428,2236,3437,-38,16,9
7040,32.1479,-0.1399,441,2233,3441,-38,10,9
7050,32.1513,-0.0790,459,2227,3410,-37,8,8
7060,32.1465,-0.0790,500,2206,3431,-37,5,8
7070,32.1430,0.1649,448,2236,3486,-33,3,4
7080,32.1487,0.3479,421,2223,3417,-30,-2,1
7090,32.1602,0.3479,433,2249,3418,-30,-3,4
7100,32.1767,0.2869,406,2238,3364,-31,-12,3
7110,32.1805,0.3479,487,2219,3419,-30,-14,8
7120,32.1784,0.2259,500,2204,3426,-32,-11,10
7130,32.1827,0.6527,497,2212,3424,-25,-7,4
7140,32.1832,0.9576,525,2212,3469,-20,-4,-1
7150,32.1924,1.2625,572,2204,3418,-15,1,2
7160,32.1998,1.3235,574,2226,3467,-14,12,5
7170,32.2164,1.5064,575,2242,3442,-11,24,8
7180,32.2373,1.4454,544,2261,3436,-12,25,4
7190,32.2654,1.3845,507,2292,3430,-13,30,5
7200,32.2984,0.5918,476,2341,3417,-26,32,8
7210,32.3253,-0.0180,411,2343,3417,-36,26,9
7220,32.3369,-0.2619,452,2287,3413,-40,21,9
7230,32.3304,-0.5668,497,2266,3479,-45,23,12
7240,32.3340,-0.5668,489,2263,3409,-45,22,14
7250,32.3331,-0.6277,458,2246,3408,-46,25,12
7260,32.3344,-0.8107,448,2284,3440,-49,22,9
7270,32.3310,-0.9936,425,2268,3434,-52,19,7
7280,32.3296,-1.2985,397,2267,3401,-57,11,7
7290,32.3102,-1.2985,434,2219,3445,-57,2,9
7300,32.2938,-1.2985,462,2211,3416,-57,-1,13
7310,32.2779,-1.0546,496,2213,3433,-53,0,7
7320,32.2609,-0.7497,521,2198,3439,-48,3,8
7330,32.2412,-0.5668,528,2192,3462,-45,9,10
7340,32.2243,-0.3838,564,2195,3462,-42,15,7
7350,32.2257,-0.1399,520,2233,3419,-38,20,8
7360,32.2219,0.1040,492,2216,3442,-34,21,8
7370,32.2170,-0.1399,520,2223,3445,-38,26,11
7380,32.2249,-0.0790,510,2254,3413,-37,25,12
7390,32.2240,-0.2619,457,2246,3446,-40,31,11
7400,32.2279,-0.2619,448,2257,3431,-40,27,9
7410,32.2358,-0.4448,391,2254,3389,-43,22,5
7420,32.2405,-0.4448,361,2256,3411,-43,9,6
7430,32.2330,-0.4448,374,2207,3415,-43,-1,6
7440,32.2202,-0.1399,407,2188,3441,-38,-14,9
7450,32.2130,-0.0180,461,2195,3425,-36,-20,6
7460,32.2050,0.3479,490,2200,3462,-30,-18,3
7470,32.2128,0.6527,490,2231,3427,-25,-23,-4
7480,32.2238,0.4698,480,2266,3447,-28,-22,-7
7490,32.2239,0.4088,495,2244,3480,-29,-23,-3
7500,32.2250,0.4698,545,2215,3432,-28,-19,3
7510,32.2273,0.7747,547,2218,3448,-23,-8,8
7520,32.2309,0.7747,602,2223,3447,-23,3,5
7530,32.2416,0.8966,546,2247,3445,-21,15,2
7540,32.2474,0.8966,539,2247,3476,-21,17,-1
7550,32.2660,0.7137,523,2277,3425,-24,22,3
7560,32.2847,0.4088,511,2300,3437,-29,27,11
7570,32.2942,-0.0790,480,2279,3432,-37,30,13
7580,32.2952,-0.0790,447,2260,3457,-37,23,9
7590,32.2957,-0.2009,464,2266,3462,-39,17,7
7600,32.2953,-0.2009,463,2268,3471,-39,18,7
7610,32.2975,-0.3838,494,2253,3419,-42,18,15
7620,32.2954,-0.3229,520,2246,3440,-41,24,13
7630,32.2895,-0.5058,509,2245,3452,-44,28,11
7640,32.2928,-0.7497,495,2281,3432,-48,29,10
7650,32.2910,-0.7497,452,2283,3468,-48,27,8
7660,32.2895,-1.0546,370,2263,3416,-53,18,9
7670,32.2791,-1.0546,392,2234,3430,-53,13,10
7680,32.2707,-1.0546,420,2237,3423,-53,5,13
7690,32.2628,-0.9326,444,2230,3418,-51,1,9
7700,32.2502,-0.8716,432,2216,3432,-50,-5,3
7710,32.2383,-0.8107,465,2228,3452,-49,-5,0
7720,32.2211,-0.7497,467,2197,3444,-48,-4,6
7730,32.2166,-0.2009,506,2211,3420,-39,-5,9
7740,32.2000,-0.2009,511,2174,3442,-39,-2,11
7750,32.1880,0.1649,488,2190,3463,-33,3,6
7760,32.1978,0.1649,424,2242,3402,-33,0,0
7770,32.2056,0.2259,396,2240,3415,-32,-5,-3
7780,32.2147,0.1649,400,2258,3428,-33,-15,1
7790,32.2160,-0.0180,421,2253,3459,-36,-23,2
7800,32.2171,-0.0790,452,2231,3423,-37,-27,1
7810,32.2150,0.0430,510,2215,3426,-35,-24,-1
7820,32.2031,0.2869,526,2160,3421,-31,-23,-2
7830,32.1940,0.8357,529,2153,3429,-22,-22,1
7840,32.1880,1.3845,559,2164,3462,-13,-16,1
7850,32.2035,1.6284,569,2230,3440,-9,-3,-3
7860,32.2357,1.6893,549,2271,3396,-8,3,0
7870,32.2515,1.3845,518,2266,3471,-13,11,0
7880,32.2856,1.0186,515,2335,3430,-19,16,-1
7890,32.3080,0.5918,496,2321,3453,-26,13,4
7900,32.3176,0.0430,499,2294,3459,-35,15,7
7910,32.3227,-0.0790,498,2254,3418,-37,18,9
7920,32.3288,-0.1399,538,2251,3403,-38,26,11
7930,32.3328,-0.3838,531,2266,3423,-42,32,7
7940,32.3366,-0.5058,467,2277,3432,-44,33,8
7950,32.3358,-0.7497,452,2266,3400,-48,29,8
7960,32.3265,-0.9936,430,2253,3450,-52,29,14
7970,32.3147,-1.1155,443,2230,3424,-54,24,17
7980,32.3079,-1.1155,467,2259,3438,-54,16,16
7990,32.2948,-0.9936,416,2220,3428,-52,16,11
8000,32.2862,-0.7497,428,2200,3385,-48,4,7
8010,32.2718,-0.6887,480,2210,3443,-47,2,11
8020,32.2662,-0.5058,495,2213,3404,-44,2,9
8030,32.2591,-0.1399,504,2211,3435,-38,4,8
8040,32.2540,0.1649,440,2217,3452,-33,6,5
8050,32.2649,0.0430,496,2251,3392,-35,5,3
8060,32.2599,0.0430,486,2215,3439,-35,7,7
8070,32.2635,0.1649,514,2228,3412,-33,3,6
8080,32.2738,0.1649,474,2281,3448,-33,5,7
8090,32.2759,-0.0180,469,2238,3423,-36,4,1
8100,32.2747,-0.0180,428,2243,3452,-36,0,6
8110,32.2718,-0.0180,438,2227,3439,-36,-7,7
8120,32.2762,0.1040,452,2221,3390,-34,-8,9
8130,32.2792,0.3479,494,2226,3422,-30,-11,4
8140,32.2732,0.4698,497,2191,3434,-28,-8,-2
8150,32.2665,0.8357,497,2202,3481,-22,-9,-2
8160,32.2784,0.9576,526,2245,3433,-20,-8,-2
8170,32.2850,0.8966,502,2226,3433,-21,-3,-1
8180,32.3015,1.0796,503,2247,3412,-18,-1,1
8190,32.3139,0.8966,524,2262,3447,-21,-1,7
8200,32.3318,0.5308,527,2288,3426,-27,5,4
8210,32.3423,0.4088,505,2271,3438,-29,10,5
8220,32.3491,0.2259,532,2280,3463,-32,10,5
8230,32.3527,-0.1399,527,2250,3414,-38,16,6
8240,32.3577,0.0430,537,2251,3418,-35,21,6
8250,32.3767,-0.1399,514,2318,3415,-38,23,5
8260,32.3804,-0.5058,509,2282,3435,-44,25,4
8270,32.3876,-0.8716,514,2315,3438,-50,27,11
8280,32.3856,-1.2985,484,2286,3426,-57,31,11
8290,32.3775,-1.3595,411,2288,3465,-58,23,9
8300,32.3686,-1.4814,435,2248,3403,-60,15,7
8310,32.3474,-1.5424,465,2244,3475,-61,11,12
8320,32.3347,-1.6034,470,2233,3401,-62,8,11
8330,32.3121,-1.2375,483,2177,3404,-56,3,7
8340,32.2911,-0.8716,490,2205,3464,-50,3,8
8350,32.2833,-0.5058,455,2200,3396,-44,3,5
8360,32.2680,-0.2619,469,2186,3440,-40,1,6
8370,32.2581,0.1040,474,2183,3425,-34,1,6
8380,32.2648,0.4698,498,2217,3394,-28,2,4
8390,32.2725,0.4088,473,2232,3406,-29,5,1
8400,32.2743,0.5918,448,2221,3438,-26,-2,2
8410,32.2851,0.5918,464,2239,3407,-26,-2,6
8420,32.2914,0.5308,450,2248,3445,-27,-8,4
8430,32.2862,0.5918,437,2203,3454,-26,-9,3
8440,32.2874,0.7747,527,2198,3416,-23,-10,6
8450,32.2817,1.2015,538,2177,3457,-16,-6,6
8460,32.2784,1.5674,510,2185,3478,-10,-2,1
8470,32.2953,1.7503,479,2220,3411,-7,0,-1
8480,32.3158,1.6893,512,2250,3428,-8,2,-4
8490,32.3457,1.5064,493,2293,3417,-11,3,-3
8500,32.3694,1.0796,517,2292,3425,-18,4,0
8510,32.3965,0.8357,514,2313,3416,-22,10,5