time_ms,phase,angle_deg,omega_deg_s,pwm,ax,ay,az,gx,gy,gz
3542,0,0.0352,1.3192,0,652,115,4128,-18,12,5
3552,0,0.1065,1.5021,0,622,242,4141,-15,8,6
3562,0,0.1855,0.8314,0,568,298,4125,-26,7,7
3572,0,0.2640,0.1607,0,601,327,4143,-37,2,9
3582,0,0.3141,-0.3271,0,651,247,4144,-45,-1,8
3592,0,0.3309,-0.3881,0,676,133,4179,-46,2,8
3602,0,0.3408,0.1607,0,727,89,4143,-37,9,8
3612,0,0.3634,0.7704,0,696,114,4147,-27,16,6
3622,0,0.3911,1.3802,0,641,112,4137,-17,20,5
3632,0,0.4426,1.5021,0,636,196,4137,-15,18,7
3642,0,0.4987,1.3802,0,666,223,4178,-17,22,7
3652,0,0.5539,1.2582,0,662,226,4141,-19,22,6
3662,0,0.5999,1.0143,0,617,206,4155,-23,23,6
3672,0,0.6488,0.9534,0,630,222,4154,-24,20,6
3682,0,0.6852,1.0753,0,629,175,4136,-22,20,7
3692,0,0.7139,1.1973,0,632,145,4121,-20,19,7
3702,0,0.7536,1.7460,0,656,167,4117,-11,17,6
3712,0,0.7962,1.6851,0,680,183,4127,-12,23,7
3722,0,0.8419,1.8680,0,657,192,4154,-9,24,5
3732,0,0.8966,1.6241,0,622,237,4154,-13,26,1
3742,0,0.9471,1.3192,0,646,235,4132,-18,25,8
3752,0,1.0014,0.9534,0,623,266,4140,-24,24,8
3762,0,1.0492,0.5875,0,629,261,4168,-30,23,6
3772,0,1.0925,0.2216,0,596,260,4144,-36,24,8
3782,0,1.1341,0.0387,0,600,263,4143,-39,21,8
3792,0,1.1640,-0.5101,0,577,244,4154,-48,17,9
3802,0,1.2087,-0.6930,0,557,303,4108,-51,10,12
3812,0,1.2347,-1.1808,0,566,258,4136,-59,7,11
3822,0,1.2499,-1.3637,0,596,226,4114,-62,2,10
3832,0,1.2543,-1.1808,0,620,184,4167,-59,2,10
3842,0,1.2557,-0.8759,0,695,163,4172,-54,4,8
3852,0,1.2580,-0.6320,0,649,155,4109,-50,6,8
3862,0,1.2642,-0.4491,0,650,163,4113,-47,9,8
3872,0,1.2735,-0.3271,0,652,171,4130,-45,11,7
3882,0,1.2998,-0.2052,0,651,230,4153,-43,8,8
3892,0,1.3305,-0.3881,0,650,253,4127,-46,12,8
3902,0,1.3590,-0.7540,0,596,262,4159,-52,8,8
3912,0,1.3755,-0.9369,0,594,225,4118,-55,1,8
3922,0,1.3823,-0.8759,0,671,189,4123,-54,4,8
3932,0,1.3768,-0.6320,0,638,137,4137,-50,7,8
3942,0,1.3635,0.0997,0,635,83,4153,-38,6,5
3952,0,1.3564,0.8314,0,648,79,4180,-26,7,7
3962,0,1.3660,1.3802,0,683,119,4147,-17,9,2
3972,0,1.3864,1.6851,0,649,147,4130,-12,13,6
3982,0,1.4175,1.6851,0,624,188,4141,-12,12,5
3992,0,1.4569,1.8070,0,663,217,4163,-10,14,7
4002,0,1.4864,1.7460,0,643,184,4126,-11,15,5
4012,0,1.5250,1.6851,0,645,223,4153,-12,17,3
4022,0,1.5554,1.8070,0,623,191,4138,-10,17,5
4032,0,1.5914,2.0509,0,655,203,4103,-6,16,4
4042,0,1.6317,1.9290,0,623,225,4102,-8,20,4
4052,0,1.6733,1.5631,0,604,248,4137,-14,19,8
4062,0,1.7218,1.2582,0,602,287,4147,-19,12,3
4072,0,1.7622,0.7095,0,596,281,4148,-28,12,7
4082,0,1.7936,0.4655,0,636,262,4180,-32,11,8
4092,0,1.8140,0.0387,0,555,238,4157,-39,7,7
4102,0,1.8228,-0.1442,0,616,202,4118,-42,2,8
4112,0,1.8369,-0.0832,0,599,220,4130,-41,-4,7
4122,0,1.8480,0.0997,0,580,204,4139,-38,-5,5
4132,0,1.8509,0.1607,0,598,172,4105,-37,-17,3
4142,0,1.8463,0.5875,0,610,131,4137,-30,-14,4
4152,0,1.8347,1.0753,0,662,88,4135,-22,-17,2
4162,0,1.8345,1.6851,0,684,107,4144,-12,-12,6
4172,0,1.8543,2.1729,0,710,164,4192,-4,-3,1
4182,0,1.8912,2.0509,0,724,229,4122,-6,2,3
4192,0,1.9381,2.0509,0,622,269,4147,-6,5,4
4202,0,1.9906,1.5631,0,640,308,4120,-14,4,4
4212,0,2.0208,0.9534,0,631,254,4134,-24,5,5
4222,0,2.0358,1.0753,0,697,196,4117,-22,11,8
4232,0,2.0330,1.3192,0,718,125,4137,-18,21,7
4242,0,2.0128,2.5387,0,725,19,4134,2,31,6
4252,0,2.0065,3.8192,0,736,22,4113,23,37,4
4262,0,2.0336,4.7948,0,713,108,4143,39,47,4
4272,0,2.0841,5.2826,0,668,178,4162,47,52,5
4282,0,2.1566,5.2216,0,686,263,4140,46,63,2
4292,0,2.2254,4.9777,0,640,265,4170,42,60,3
4302,0,2.2706,4.9777,0,657,184,4164,42,66,7
4312,0,2.2868,6.0753,0,677,42,4134,60,71,8
4322,0,2.2894,8.0875,0,79,-77,4150,93,24,-28
4332,0,2.3092,10.2826,0,-51,-91,4079,129,-65,-34
4342,0,2.3486,12.2948,0,151,-91,4122,162,-129,-19
4352,0,2.4148,15.0387,0,637,-91,4238,207,-151,-13
4362,0,2.4933,17.4168,0,1390,-123,4114,246,-100,-19
4372,0,2.5940,19.9168,0,1639,-125,4091,287,3,-26
4382,0,2.7203,22.5997,0,1197,-121,4116,331,84,-29
4392,0,2.8799,25.3436,0,611,-89,4135,376,104,-36
4402,0,3.0562,28.0265,0,259,-112,4123,420,79,-34
4412,0,3.3835,30.5875,0,177,351,4084,462,32,-35
4422,0,4.1631,21.8680,0,494,2583,4113,319,6,-48
4432,0,4.6312,10.4046,0,462,1722,4066,131,-8,-28
4442,0,4.9730,2.8436,0,632,1561,4108,7,-23,25
4452,0,5.1762,-4.4125,0,538,1318,4110,-112,-23,16
4462,0,5.1352,-6.7296,0,394,498,4112,-150,-39,16
4472,0,5.0314,-6.5466,0,531,261,4113,-147,-61,21
4482,0,4.9247,-5.3881,0,879,204,4143,-128,-48,18
4492,0,4.7895,-3.4369,0,994,24,4162,-96,-11,12
4502,0,4.6849,-0.9369,0,927,36,4117,-55,25,6
4512,0,4.6066,1.2582,0,663,46,4158,-19,39,7
4522,0,4.5853,2.8436,0,583,189,4115,7,36,6
4532,0,4.6747,2.7826,0,662,585,4073,6,35,-1
4542,0,4.7639,1.0753,0,554,668,4175,-22,29,10
4552,0,4.8030,-0.0223,0,529,525,4150,-40,17,13
4562,0,4.8226,-0.6930,0,567,476,4113,-51,8,7
4572,0,4.8226,-0.8149,0,592,410,4105,-53,1,4
4582,0,4.7977,-0.8759,0,681,323,4112,-54,4,11
4592,0,4.7700,-0.3271,0,619,292,4119,-45,2,10
4602,0,4.7574,0.2216,0,673,325,4119,-36,3,5
4612,0,4.7489,0.7095,0,654,323,4138,-28,4,4
4622,0,4.7611,0.8314,0,627,392,4120,-26,3,6
4632,0,4.7813,0.5875,0,643,432,4136,-30,4,6
4642,0,4.7971,0.4046,0,624,423,4126,-33,7,9
4652,0,4.7877,0.4655,0,692,332,4143,-32,12,6
4662,0,4.7625,1.1973,0,684,246,4115,-20,15,9
4672,0,4.7351,2.5997,0,676,187,4114,3,20,5
4682,0,4.7263,3.5753,0,693,218,4130,19,24,2
4692,0,4.7388,4.4899,0,626,263,4140,34,24,1
4702,0,4.7858,4.8558,0,574,374,4117,40,19,-1
4712,0,4.8474,4.9168,0,585,432,4154,41,13,-1
4722,0,4.9072,4.7338,0,577,433,4118,38,4,0
4732,0,4.9801,4.1851,0,650,505,4124,29,2,-1
4742,0,5.0588,3.4534,0,634,557,4119,17,7,2
4752,0,5.1298,2.5387,0,700,573,4156,2,12,4
4762,0,5.1800,1.6241,0,645,528,4109,-13,15,3
4772,0,5.1449,1.9899,0,571,211,4118,-7,5,6
4782,0,5.0532,4.7948,0,630,-94,4117,39,0,4
4792,0,4.9775,8.5143,0,664,-175,4134,100,-3,-5
4802,0,4.9448,12.2948,0,695,-158,4110,162,8,-11
4812,0,4.9483,16.0143,0,662,-160,4079,223,8,-16
4822,0,4.9887,20.0387,0,615,-170,4110,289,8,-24
4832,0,5.0721,24.0631,0,605,-154,4107,355,3,-29
4842,0,5.1940,28.1485,0,577,-153,4085,422,0,-36
4852,0,5.3614,32.4777,0,566,-133,4068,493,-5,-46
4862,0,5.9169,23.1485,0,1256,1613,3937,340,67,-180
4872,0,6.3460,13.5143,0,767,1650,4248,182,112,12
4882,0,6.5532,9.5509,0,272,926,4174,117,84,-28
4892,0,6.7146,6.9899,0,165,819,3962,75,35,31
4902,0,6.7989,6.1973,0,165,603,4096,62,-11,13
4912,0,6.8619,6.1973,0,287,534,4114,62,-52,3
4922,0,6.9425,6.1363,0,524,603,4101,61,-75,-17
4932,0,7.0274,5.8924,0,800,632,4091,57,-66,-13
4942,0,7.1028,5.3436,0,969,624,4097,48,-36,3
4952,0,7.1553,5.5265,0,1027,542,4115,51,2,4
4962,0,7.1841,6.1973,0,891,435,4113,62,30,-1
4972,0,7.2407,7.1119,0,687,501,4073,77,48,-2
4982,0,7.3141,7.5997,0,564,554,4116,85,42,0
4992,0,7.4017,7.7216,0,484,598,4054,87,29,-11
5002,0,7.5032,7.7216,0,491,663,4105,87,19,-12
5012,0,7.6160,7.0509,0,581,735,4096,76,8,-8
5022,0,7.7403,5.8924,0,617,827,4092,57,3,-2
5032,0,7.8622,4.1851,0,668,889,4089,29,6,-2
5042,0,7.9523,2.6607,0,653,837,4098,4,9,3
5052,0,8.0255,1.4412,0,609,828,4112,-16,8,9
5062,0,8.0798,0.0997,0,608,809,4096,-38,3,5
5072,0,8.1074,-0.7540,0,590,741,4073,-52,2,14
5082,0,8.0914,-0.8759,0,573,593,4105,-54,-3,12
5092,0,8.0624,-0.2662,0,540,520,4085,-44,-15,12
5102,0,8.0285,0.5875,0,559,470,4086,-30,-18,11
5112,0,7.9967,1.8070,0,670,433,4097,-10,-26,6
5122,0,7.9970,2.6607,0,753,515,4083,4,-19,-1
5132,0,8.0280,3.0265,0,818,615,4093,10,0,4
5142,0,8.0655,3.0265,0,738,639,4081,10,15,4
5152,0,8.1044,2.9046,0,643,652,4085,8,20,2
5162,0,8.1507,2.6607,0,609,691,4085,4,15,6
5172,0,8.2025,2.1119,0,594,731,4069,-5,15,6
5182,0,8.2500,1.6241,0,626,743,4103,-13,14,3
5192,0,8.2883,1.0143,0,638,734,4101,-23,11,6
5202,0,8.3044,0.4655,0,635,675,4101,-32,10,7
5212,0,8.2919,0.4046,0,627,575,4109,-33,9,8
5222,0,8.2793,1.1363,0,673,548,4117,-21,7,1
5232,0,8.2744,1.7460,0,646,551,4096,-11,8,8
5242,0,8.2809,2.2948,0,643,571,4084,-2,14,6
5252,0,8.3044,2.4777,0,619,626,4082,1,9,2
5262,0,8.3315,2.5387,0,633,639,4080,2,6,1
5272,0,8.3519,2.8436,0,616,604,4072,7,2,3
5282,0,8.3614,3.2704,0,628,554,4095,14,0,3
5292,0,8.3827,3.8192,0,654,580,4108,23,-1,1
5302,0,8.4292,4.1241,0,689,658,4076,28,7,1
5312,0,8.4817,3.6973,0,658,706,4120,21,11,1
5322,0,8.5359,3.4534,0,623,725,4120,17,15,4
5332,0,8.5973,2.8436,0,587,767,4062,7,12,2
5342,0,8.6503,2.2338,0,625,760,4048,-3,11,6
5352,0,8.6942,1.6851,0,588,758,4088,-12,9,6
5362,0,8.7103,1.2582,0,625,675,4094,-19,8,6
5372,0,8.7206,1.5631,0,629,643,4088,-14,10,4
5382,0,8.7160,2.1119,0,611,569,4081,-5,4,5
5392,0,8.7140,2.5997,0,597,564,4103,3,1,2
5402,0,8.7182,3.0265,0,657,568,4082,10,6,-1
5412,0,8.7354,3.6363,0,656,590,4056,20,9,1
5422,0,8.7604,4.1851,0,653,603,4075,29,9,3
5432,0,8.7828,4.6729,0,613,580,4091,37,8,0
5442,0,8.8019,5.5875,0,594,538,4095,52,10,-1
5452,0,8.8268,6.6851,0,574,520,4086,70,5,-4
5462,0,8.8688,7.7216,0,628,548,4095,87,2,-5
5472,0,8.9299,8.5753,0,654,587,4072,101,1,-4
5482,0,9.0246,8.7582,0,719,716,4122,104,5,-10
5492,0,9.1299,8.6973,0,586,754,4063,103,6,-9
5502,0,9.2190,8.7582,0,575,704,4088,104,4,-8
5512,0,9.2964,9.1851,0,624,652,4084,111,-6,-7
5522,0,9.3528,10.0997,0,706,543,4043,126,-3,-5
5532,1,9.3922,11.6851,-200,735,431,4048,152,4,-7
5542,1,9.4650,13.3924,-200,734,495,4059,180,19,-15
5552,1,9.4684,26.6241,-200,-184,-186,3634,397,-11,-170
5562,1,10.2198,24.0631,-200,416,2343,3257,355,-45,-284
5572,1,10.6083,21.8070,-200,186,1543,4372,318,-37,18
5582,1,10.8242,20.2826,-200,976,854,4036,293,-24,-79
5592,1,11.1902,18.0265,-200,1001,1449,3820,256,33,-20
5602,1,11.5581,13.3924,-200,642,1769,4068,180,61,-204
5612,1,11.9510,11.3802,-200,164,1848,3771,147,68,-88
5622,1,12.2256,8.0875,-200,201,1713,4197,93,47,62
5632,1,12.5136,5.8924,-200,-295,1931,4293,57,-7,-36
5642,1,12.3221,7.4168,-200,576,-15,3980,82,-26,106
5652,1,12.6175,6.7460,-200,959,1906,4227,71,-19,136
5662,1,12.2380,5.6485,-200,613,-666,4379,53,-30,-62
5672,1,12.1839,7.0509,-200,971,438,3808,76,5,-117
5682,1,12.5043,5.8924,-200,905,1871,3871,57,45,-9
5692,1,12.7506,4.1851,-200,692,1685,3922,29,45,32
5702,1,12.9534,0.5265,-200,538,1638,3837,-31,17,29
5712,1,12.9117,0.8924,-200,603,816,4234,-25,17,87
5722,1,13.1440,-0.9979,-200,566,1784,3740,-56,-7,-26
5732,1,12.9518,-2.9491,-200,575,438,4582,-88,-20,126
5742,1,12.5370,1.6851,-200,1298,-512,3583,-12,0,-151
5752,1,12.4648,1.2582,-200,697,576,3725,-19,1,162
5762,1,12.1621,-0.9979,-200,516,-153,5154,-56,-27,117
5772,1,12.1346,-3.3149,-200,875,867,3787,-94,0,-122
5782,1,12.5236,-0.9369,-200,985,1997,3132,-55,17,-93
5792,1,12.6814,-0.8759,-200,250,1616,4140,-54,13,65
5802,1,12.3260,1.8680,-200,660,-410,4244,-9,11,76
5812,1,12.0974,1.7460,-200,520,39,4301,-11,13,78
5822,1,12.0070,0.7095,-200,862,584,4314,-28,27,62
5832,1,11.9615,-1.3027,-200,432,798,4163,-61,10,-71
5842,1,11.9837,-0.5710,-200,356,1039,4219,-49,3,-121
5852,1,12.4189,-0.6930,-200,328,2753,3996,-51,13,-84
5862,1,12.4408,0.2216,-200,719,893,3612,-36,28,-54
5872,1,12.6133,1.6241,-200,511,1558,4112,-13,28,-93
5882,1,12.9498,0.7704,-200,640,2059,3633,-27,28,-50
5892,1,13.1261,1.5021,-200,88,1719,4362,-15,17,1
5902,1,13.1062,0.4046,-200,425,872,3961,-33,13,-58
5912,1,13.3156,-0.1442,-200,186,1824,4072,-42,11,-9
5922,1,13.1690,0.5265,-200,749,399,3668,-31,15,-30
5932,1,13.0863,0.4046,-200,376,680,4144,-33,-4,96
5942,1,12.7725,0.3436,-200,991,-169,4218,-34,7,-50
5952,1,12.5309,1.9899,-200,842,15,4313,-7,6,137
5962,1,12.5594,-1.6686,-200,642,1126,4129,-67,-11,-45
5972,1,12.4510,-0.3271,-200,788,545,3987,-45,-4,101
5982,1,12.5344,-0.9369,-200,1001,1178,3722,-55,7,-54
5992,1,12.8112,-3.1320,-200,125,2110,3904,-91,-8,20
6002,1,12.9393,-4.7784,-200,137,1754,4333,-118,-23,-16
6012,1,12.8545,-4.1686,-200,669,765,3856,-108,-10,-41
6022,1,12.9663,-3.6808,-200,480,1547,4087,-100,-18,-95
6032,1,13.0482,-3.1320,-200,854,1319,3814,-91,-11,-9
6042,1,12.9452,-1.2418,-200,661,632,3996,-60,5,5
6052,1,13.2127,-4.9613,-200,572,2078,3713,-121,-10,25
6062,1,12.9814,-4.5954,-200,831,318,4152,-115,13,-26
6072,1,12.9780,-1.0588,-200,649,964,3921,-57,6,21
6082,1,12.9329,-5.0223,-200,884,1006,4138,-122,19,24
6092,1,12.8527,-5.5101,-200,211,926,4318,-130,19,-64
6102,1,12.6571,-4.9003,-200,815,414,3970,-120,17,-48
6112,1,12.1397,0.5875,-200,523,-947,4096,-30,29,-9
6122,1,12.1619,-3.6808,-200,529,1119,4025,-100,19,24
6132,1,11.9090,-2.2784,-200,890,76,3920,-77,26,63
6142,1,11.7877,-0.5101,-200,629,473,4103,-48,9,-31
6152,1,11.8369,-0.2662,-200,356,996,3754,-44,15,-39
6162,1,11.7507,-0.2052,-200,563,575,4036,-43,6,-6
6172,1,11.2439,5.5265,-200,869,-1155,4078,51,24,-34
6182,1,11.6150,1.1363,-200,321,2204,3860,-21,21,13
6192,1,11.3302,1.7460,-200,483,-230,4386,-11,6,106
6202,1,11.1545,3.8802,-200,867,81,4129,24,16,4
6212,1,11.3874,0.2826,-200,431,1692,3958,-35,18,44
6222,1,11.2469,2.1119,-200,1052,274,4118,-5,6,-13
6232,1,11.4559,1.5631,-200,434,1539,3925,-14,35,50
6242,1,11.2788,1.2582,-200,478,177,4105,-19,24,7
6252,1,11.2197,3.2704,-200,887,505,3997,14,13,139
6262,1,11.2194,1.6851,-200,801,772,4023,-12,-13,-42
6272,1,10.8979,3.0875,-200,587,-415,4025,11,-5,-3
6282,1,11.1584,2.9046,-200,749,1727,4073,8,1,-5
6292,1,11.3635,0.8924,-200,487,1590,4045,-25,10,-17
6302,1,11.2991,5.1607,-200,804,427,3999,45,10,4
6312,1,11.4834,1.3802,-200,913,1517,4096,-17,12,14
6322,1,11.2632,2.1729,-200,719,-8,4044,-4,14,-35
6332,1,11.6760,0.4655,-200,624,2514,3999,-32,14,-16
6342,1,11.3332,2.2338,-200,755,-433,4067,-3,13,13
6352,1,11.4229,1.9290,-200,500,1084,3947,-8,14,9
6362,1,11.3058,1.0753,-200,432,398,4117,-22,4,-46
6372,1,11.3998,0.7704,-200,581,1171,4055,-27,-12,-54
6382,1,11.4846,-1.1808,-200,677,1194,3979,-59,6,7
6392,1,11.6551,0.0997,-200,705,1516,4068,-38,7,32
6402,1,11.4131,-1.5466,-200,794,57,4096,-65,6,32
6412,1,11.7920,-0.2662,-200,394,2454,4089,-44,1,-8
6422,1,11.8643,-3.6198,-200,432,1264,3970,-99,-12,17
6432,1,12.1377,-3.0710,-200,708,2053,3940,-90,-11,20
6442,1,11.9920,-3.1930,-200,467,524,4333,-92,-28,28
6452,1,12.0070,-2.7052,-200,745,1064,4099,-84,-5,22
6462,1,11.8330,-3.2540,-200,677,377,4003,-93,-5,-1
6472,1,11.9976,-1.3637,-200,574,1519,3913,-62,-7,23
6482,1,11.9366,-1.8515,-200,846,756,4146,-70,10,47
6492,1,12.2186,-0.6320,-200,718,2064,4081,-50,18,17
6502,1,12.1611,0.0387,-200,573,711,4115,-39,21,-5
6512,1,12.1902,-0.4491,-200,612,988,3870,-47,13,12
6522,1,12.1068,0.0997,-200,580,609,4100,-38,14,-5
6532,1,12.2472,0.2216,-200,709,1338,3778,-36,12,10
6542,1,12.1757,0.7095,-200,738,616,3977,-28,18,15
6552,1,12.2651,-0.0223,-200,589,1242,4027,-40,24,4
6562,1,11.9994,1.5631,-200,897,-89,3899,-14,23,-24
6572,1,12.0768,-1.4857,-200,310,1271,4136,-64,14,-13
6582,1,12.0055,0.9534,-200,638,609,4062,-24,19,12
6592,1,12.0861,0.0997,-200,616,1213,4104,-38,22,-3
6602,1,11.9696,3.3924,-200,911,358,4026,16,26,4
6612,1,12.0624,0.8924,-200,459,1183,3955,-25,17,3
6622,1,12.0064,1.7460,-200,595,638,4081,-11,19,33
6632,1,11.7326,2.0509,-200,833,-157,4082,-6,17,47
6642,1,11.8818,1.1363,-200,640,1414,4080,-21,22,19
6652,1,11.8558,0.8314,-200,457,759,4034,-26,16,4
6662,1,11.9751,-0.0832,-200,462,1326,3999,-41,11,19
6672,1,11.7775,2.6607,-200,874,92,4152,4,8,20
6682,1,11.9075,-0.7540,-200,548,1396,4025,-52,12,6
6692,1,11.8495,0.2826,-200,673,654,3971,-35,6,8
6702,1,11.6075,-0.0832,-200,472,19,3984,-41,-3,-19
6712,1,11.7645,-1.7905,-200,739,1555,4090,-69,1,7
6722,1,11.3988,0.2826,-200,682,-436,4026,-35,0,18
6732,1,11.4890,-1.3027,-200,628,1195,3902,-61,1,-3
6742,1,11.5937,0.1607,-200,566,1244,4036,-37,0,9
6752,1,11.5339,-1.4857,-200,572,704,4071,-64,1,1
6762,1,11.5512,-0.3881,-200,751,920,3963,-46,6,13
6772,1,11.3752,0.8314,-200,695,195,3952,-26,7,2
6782,1,11.4744,-0.9369,-200,550,1229,3952,-55,3,26
6792,1,11.4578,0.0387,-200,755,826,4207,-39,2,6
6802,1,11.4722,-1.4857,-200,480,964,4051,-64,5,-5
6812,1,11.4545,0.6485,-200,723,762,4012,-29,10,-3
6822,1,11.1769,1.0753,-200,579,-171,3957,-22,12,-6
6832,1,11.2766,-0.0223,-200,536,1199,4007,-40,11,40
6842,1,11.2244,-0.0223,-200,752,659,4088,-40,10,9
6852,1,11.2848,-0.7540,-200,739,1063,3941,-52,14,-30
6862,1,11.2433,1.3802,-200,563,645,4066,-17,18,7
6872,1,11.1959,0.2216,-200,924,674,4139,-36,10,23
6882,1,11.2275,0.4655,-200,645,948,4097,-32,15,10
6892,1,11.1483,1.5021,-200,648,493,4010,-15,15,-31
6902,1,11.2291,0.1607,-200,486,1136,4071,-37,13,-1
6912,1,11.2958,1.0143,-200,858,1057,4072,-23,13,25
6922,1,11.1453,2.3558,-200,862,223,4120,-1,20,14
6932,1,11.2340,1.1363,-200,403,1105,3984,-21,15,6
6942,1,11.2336,1.3192,-200,580,796,4076,-18,5,19
6952,1,11.3244,0.2216,-200,881,1228,4242,-36,8,8
6962,1,11.5477,-0.2052,-200,628,1707,4007,-43,14,-10
6972,1,11.3132,1.4412,-200,470,-28,3961,-16,-1,18
6982,1,11.4476,-1.6686,-200,674,1419,4045,-67,3,19
6992,1,11.3555,-0.1442,-200,693,529,4076,-42,8,31
7002,1,11.3467,-1.2418,-200,676,852,4005,-60,17,10
7012,1,11.3837,-1.1198,-200,558,1010,3984,-58,12,0
7022,1,11.2284,0.0387,-200,598,292,4093,-39,7,48
7032,1,11.3029,-1.2418,-200,618,1146,3986,-60,15,-1
7042,1,11.2791,2.0509,-200,362,692,4094,-6,3,-8
7052,1,11.3277,0.7095,-200,588,1007,4087,-28,-4,6
7062,1,11.3433,1.0143,-200,834,881,4113,-23,5,20
7072,1,11.3266,1.8070,-200,742,719,4035,-10,10,-5
7082,1,11.3147,2.2948,-200,585,705,3961,-2,10,-7
7092,1,11.3729,2.4777,-200,520,997,4156,1,11,17
7102,1,11.3398,2.4168,-200,662,640,4035,0,21,-3
7112,1,11.4728,1.4412,-200,580,1280,3995,-16,17,-16
7122,1,11.6065,1.6241,-200,477,1292,4013,-13,5,14
7132,1,11.6402,0.0387,-200,821,997,4074,-39,15,27
7142,1,11.6255,-0.7540,-200,702,836,4016,-52,12,-1
7152,1,11.6182,-0.2662,-200,457,830,3948,-44,4,0
7162,1,11.6023,-1.0588,-200,489,890,4253,-57,-8,-6
7172,1,11.6456,-0.9369,-200,676,1064,4053,-55,2,3
7182,1,11.6249,-0.5101,-200,656,796,3969,-48,5,16
7192,1,11.6284,-1.3027,-200,482,914,3984,-61,-7,4
7202,1,11.5643,-0.6930,-200,800,669,4110,-51,-9,0
7212,1,11.4815,0.6485,-200,922,536,4023,-29,2,-22
7222,1,11.5288,0.8924,-200,544,989,3999,-25,9,-12
7232,1,11.6343,2.8436,-200,503,1184,4160,7,-2,28
7242,1,11.6892,1.5631,-200,734,1015,4042,-14,11,26
7252,1,11.7084,1.6851,-200,752,861,3947,-12,12,2
7262,1,11.7300,0.8314,-200,537,913,3999,-26,9,9
7272,1,11.7436,0.4046,-200,725,931,4133,-33,7,18
7282,1,11.7874,-0.0223,-200,839,1025,3984,-40,20,4
7292,1,11.5368,2.2338,-200,597,-96,4046,-3,18,13
7302,1,11.6295,0.0997,-200,570,1202,4031,-38,19,42
7312,1,11.5933,0.3436,-200,617,739,4135,-34,18,21
7322,1,11.5850,0.4046,-200,664,798,3935,-33,19,0
7332,1,11.5937,0.1607,-200,534,888,4031,-37,11,6
7342,1,11.6534,0.4655,-200,779,1091,4121,-32,10,23
7352,1,11.5287,1.3192,-200,865,375,4077,-18,9,9
7362,1,11.6531,1.2582,-200,374,1284,4044,-19,8,2
7372,1,11.6628,0.8314,-200,801,895,4136,-26,0,9
7382,1,11.6849,0.4046,-200,617,942,4063,-33,9,3
7392,1,11.7732,-0.2662,-200,588,1169,3894,-44,8,-14
7402,1,11.5623,0.9534,-200,516,88,4065,-24,11,26
7412,1,11.6400,-0.0832,-200,1003,1136,3969,-41,14,37
7422,1,11.6104,-0.5101,-200,688,791,4111,-48,7,2
7432,1,11.6070,-0.4491,-200,529,849,3947,-47,3,7
7442,1,11.6544,-1.7905,-200,511,1121,4087,-69,-1,-12
7452,1,11.6426,-0.5101,-200,554,844,4042,-48,8,6
7462,1,11.6491,-0.5710,-200,632,886,3922,-49,5,-9
7472,1,11.6970,-0.0223,-200,636,1031,3976,-40,4,21
7482,1,11.6377,1.0753,-200,1016,631,4131,-22,16,8
7492,1,11.6454,-0.1442,-200,673,910,4079,-42,13,-4
7502,1,11.6817,0.1607,-200,467,977,3959,-37,12,-1
7512,1,11.6766,0.0997,-200,549,861,4101,-38,8,28
7522,1,11.6915,-0.0832,-200,549,927,4032,-41,15,4
7532,1,11.7448,-0.4491,-200,502,1066,3963,-47,12,-6
7542,1,11.7203,-0.3881,-200,533,810,4094,-46,4,14
7552,1,11.7441,-1.2418,-200,633,1007,4039,-60,11,4
7562,1,11.7338,-0.1442,-200,656,819,3927,-42,11,-11
7572,1,11.6618,0.4655,-200,632,585,3968,-32,4,21
7582,1,11.6814,0.0997,-200,943,952,4099,-38,9,27
7592,1,11.5923,1.3192,-200,759,506,4084,-18,15,7
7602,1,11.5854,0.1607,-200,495,836,4055,-37,7,-10
7612,1,11.6429,-0.3271,-200,729,1120,4151,-45,2,18
7622,1,11.6760,-0.5710,-200,590,1013,4045,-49,10,12
7632,1,11.6492,-0.8149,-200,516,789,3978,-53,3,-6
7642,1,11.7082,-0.9369,-200,585,1112,3999,-55,5,13
7652,1,11.6876,-0.3271,-200,765,824,4116,-45,1,-6
7662,1,11.6801,-1.1808,-200,836,867,3952,-59,14,-21
7672,1,11.7137,-0.3271,-200,467,1011,4055,-45,4,6
7682,1,11.5936,0.7095,-200,677,415,4057,-28,0,30
7692,1,11.5991,0.4046,-200,666,869,4035,-33,8,13
7702,1,11.6296,0.5875,-200,714,936,3954,-30,8,2
7712,1,11.5320,0.8314,-200,536,486,4062,-26,9,17
7722,1,11.6340,-0.0223,-200,815,1231,3995,-40,13,2
7732,1,11.5670,0.8314,-200,757,586,3990,-26,22,8
7742,1,11.5714,0.3436,-200,521,845,3942,-34,16,8
7752,1,11.5870,-0.0832,-200,713,949,4151,-41,17,23
7762,1,11.5980,-0.5101,-200,580,914,4002,-48,17,4
7772,1,11.5956,-0.5101,-200,458,850,3927,-48,10,2
7782,1,11.5975,-0.6320,-200,661,907,4098,-50,4,25
7792,1,11.5717,-0.5101,-200,513,794,4070,-48,8,20
7802,1,11.5697,-0.7540,-200,632,858,3928,-52,6,-8
7812,1,11.6025,-0.9369,-200,471,1010,4006,-55,-2,10
7822,1,11.5766,0.2216,-200,840,771,4088,-36,5,-1
7832,1,11.5341,-0.8149,-200,626,735,4032,-53,6,-15
7842,1,11.7998,-0.0223,-200,612,1908,4034,-40,10,13
7852,1,11.7934,0.3436,-200,760,862,4129,-34,5,19
7862,1,11.8312,0.2826,-200,671,1010,4043,-35,10,13
7872,1,11.8629,0.6485,-200,504,967,4004,-29,11,1
7882,1,11.7920,0.8924,-200,616,603,4101,-25,4,9
7892,1,12.0831,-0.3271,-200,605,2108,4139,-45,22,-17
7902,1,12.0804,1.5021,-200,754,820,3963,-15,21,-12
7912,1,12.1566,0.2216,-200,469,1150,3942,-36,11,7
7922,1,12.1616,-0.1442,-200,639,947,4116,-42,6,19
7932,1,12.1794,-0.7540,-200,637,1006,4063,-52,10,1
7942,1,12.1579,-0.8759,-200,543,850,3995,-54,10,-2
7952,1,12.1449,-0.7540,-200,604,891,4066,-52,7,17
7962,1,12.0708,0.5265,-200,617,612,4017,-31,15,20
7972,1,12.0483,0.2826,-200,578,792,3968,-35,10,-14
7982,1,12.0707,1.2582,-200,564,919,3969,-19,10,8
7992,1,12.0567,1.6241,-200,936,799,4090,-13,9,9
8002,1,12.1068,0.8924,-200,720,1061,4072,-25,13,-7
8012,1,12.1514,0.5875,-200,458,1029,3969,-30,9,-6
8022,1,12.1343,-0.0223,-200,888,855,4098,-40,6,17
8032,1,12.0995,-0.1442,-200,665,786,4063,-42,13,9
8042,1,12.0857,0.8924,-200,470,818,4038,-25,15,9
8052,1,12.0223,0.1607,-200,588,672,4095,-37,13,26
8062,1,12.0305,0.1607,-200,575,927,4069,-37,14,15
8072,1,12.0301,0.0997,-200,670,870,3943,-38,12,-4
8082,1,11.9703,0.2216,-200,628,667,4024,-36,14,21
8092,1,12.0683,-0.3271,-200,722,1296,4107,-45,14,22
8102,1,12.0612,0.4655,-200,665,860,4058,-32,9,-9
8112,1,12.0191,0.0387,-200,529,732,3980,-39,9,-9
8122,1,12.0867,-0.3881,-200,760,1152,3999,-46,5,10
8132,1,11.7990,1.2582,-200,538,-174,4092,-19,6,25
8142,1,11.8646,-0.0832,-200,529,1091,3907,-41,11,19
8152,1,11.8834,0.0997,-200,642,926,3936,-38,4,21
8162,1,11.8553,0.0387,-200,795,802,4149,-39,7,15
8172,1,11.8680,0.2216,-200,658,925,4052,-36,8,-4
8182,1,11.8802,0.0387,-200,647,910,3959,-39,9,5
8192,1,11.8641,-0.0832,-200,825,853,4157,-41,0,18
8202,1,11.8592,-0.3271,-200,659,883,4064,-45,13,1
8212,1,11.8710,-0.0832,-200,543,909,3946,-41,10,0
8222,1,11.8320,0.2826,-200,580,749,4136,-35,9,26
8232,1,11.8345,0.1607,-200,763,895,4084,-37,16,17
8242,1,11.8376,0.6485,-200,629,856,3975,-29,16,8
8252,1,11.8437,0.2216,-200,606,881,3969,-36,13,15
8262,1,12.0656,-0.5101,-200,642,1820,4152,-48,13,18
8272,1,12.0366,0.3436,-200,788,776,4019,-34,16,-13
8282,1,12.0281,-0.0223,-200,475,850,3964,-40,9,6
8292,1,12.1652,-0.2052,-200,772,1445,4088,-43,10,16
8302,1,12.1502,0.2826,-200,567,844,4055,-35,10,8
8312,1,12.1631,0.4046,-200,519,922,3969,-33,3,4
8322,1,12.0692,0.4046,-200,551,550,4041,-33,-6,31
8332,1,11.8992,1.5631,-200,865,245,4271,-14,3,36
8342,1,11.9498,-0.2662,-200,781,1083,4030,-44,11,11
8352,1,11.9160,0.2826,-200,584,754,4028,-35,1,19
8362,1,11.9058,-0.5101,-200,873,884,4111,-48,4,15
8372,1,11.8843,-0.2052,-200,646,822,4071,-43,9,6
8382,1,11.8797,-0.2052,-200,591,865,3989,-43,14,-12
8392,1,11.8513,0.1607,-200,467,785,4091,-37,6,4
8402,1,11.8929,0.2826,-200,816,1039,4083,-35,16,9
8412,1,11.8197,1.0753,-200,714,570,3963,-22,14,-2
8422,1,11.8330,0.5265,-200,653,892,3955,-31,13,5
8432,1,11.8591,0.5875,-200,753,975,4115,-30,15,22
8442,1,11.8503,0.5265,-200,765,823,3994,-31,17,-7
8452,1,11.8497,-0.2662,-200,443,884,4010,-44,9,-4
8462,1,11.9210,-0.5101,-200,570,1192,4118,-48,3,14
8472,1,11.8091,0.0387,-200,604,479,4024,-39,7,10
8482,1,11.7972,-0.5101,-200,601,843,3984,-48,4,6
8492,1,11.7677,-0.1442,-200,503,781,4065,-42,-5,20
8502,1,11.6908,0.2826,-200,868,599,4123,-35,3,5
8512,1,11.6822,-0.4491,-200,639,840,3966,-47,11,-20
8522,1,11.7409,0.0997,-200,516,1088,4046,-38,3,6
8532,1,11.7069,-0.3271,-200,913,779,4129,-45,6,20
8542,1,11.7640,-1.3637,-200,703,1132,4025,-62,9,-5
8552,1,11.6967,-0.8149,-200,662,648,3965,-53,5,5
8562,1,11.6771,-1.1198,-200,521,857,4122,-58,7,5
8572,1,11.7621,-0.9979,-200,671,1239,4078,-56,11,18
8582,1,11.7168,-0.6930,-200,665,728,4000,-51,6,-8
8592,1,11.7010,-0.6320,-200,479,820,3953,-50,0,10
8602,1,11.6936,0.2216,-200,825,847,4089,-36,3,27
8612,1,11.6684,0.2216,-200,684,769,4029,-36,8,5
8622,1,11.6791,0.3436,-200,618,872,3928,-34,2,2
8632,1,11.7233,0.5265,-200,616,1037,4124,-31,3,21
8642,1,11.6978,0.7095,-200,557,762,4079,-28,15,10
8652,1,11.7233,0.4046,-200,684,933,3961,-33,11,-1
8662,1,11.6899,0.7095,-200,551,726,4039,-28,5,20
8672,1,11.6702,0.8314,-200,923,783,4113,-26,9,16
8682,1,11.6953,0.5875,-200,642,911,3909,-30,15,-6
8692,1,11.7727,1.1363,-200,472,1133,4088,-21,6,18
8702,1,11.7684,0.7704,-200,951,833,4036,-27,13,18
8712,1,11.8914,-0.0223,-200,648,1336,4014,-40,16,-9
8722,1,11.8977,-0.1442,-200,483,895,3953,-42,10,-3
8732,1,11.8965,-0.2052,-200,555,920,4178,-43,2,13
8742,1,11.9611,-0.8759,-200,606,1141,3969,-54,11,-2
8752,1,11.9356,0.4655,-200,649,766,3964,-32,8,2
8762,1,11.8794,0.4655,-200,659,676,4092,-32,8,19
8772,1,11.8598,0.4655,-200,668,809,4103,-32,9,21
8782,1,11.8143,0.0387,-200,802,715,4035,-39,11,-24
8792,1,11.8098,-0.5101,-200,546,876,4011,-48,10,0
8802,1,11.8945,0.3436,-200,595,1245,4242,-34,3,41
8812,1,11.7959,-0.0832,-200,686,523,3979,-41,11,-14
8822,1,11.7814,-0.0223,-200,580,830,4057,-40,13,7
8832,1,11.7466,0.5265,-200,730,717,3960,-31,17,14
8842,1,11.7273,0.3436,-200,582,805,4104,-34,20,16
8852,1,11.7455,0.1607,-200,704,914,3947,-37,19,-11
8862,1,11.7418,0.7095,-200,567,823,3977,-28,20,11
8872,1,11.7406,0.5265,-200,748,873,4140,-31,17,16
8882,1,11.7510,0.3436,-200,629,901,4040,-34,20,-1
8892,1,11.7318,0.3436,-200,606,780,3974,-34,19,-5
8902,1,11.7547,-0.1442,-200,507,969,4059,-42,10,18
8912,1,11.7703,-0.0832,-200,637,940,4053,-41,12,5
8922,1,11.7001,0.4655,-200,535,591,3948,-32,11,4
8932,1,11.6845,0.0387,-200,585,818,4062,-39,8,26
8942,1,11.7203,0.6485,-200,546,1035,4267,-29,10,30
8952,1,11.6752,-0.3881,-200,783,716,4004,-46,14,5
8962,1,11.6773,-0.2052,-200,522,884,4033,-43,5,1
8972,1,11.7227,-0.4491,-200,685,1094,4185,-47,9,26
8982,1,11.6627,-0.2052,-200,602,665,4060,-43,13,-2
8992,1,11.7585,-0.6930,-200,449,1232,3962,-51,9,-4
9002,1,11.8534,0.3436,-200,531,1243,4113,-34,6,10
9012,1,11.8454,-0.5101,-200,593,868,4020,-48,11,2
9022,1,11.9371,-0.5710,-200,656,1190,3846,-49,11,-18
9032,1,11.8908,0.6485,-200,559,695,4030,-29,8,24
9042,1,11.8796,-0.0223,-200,754,861,4112,-40,10,24
9052,1,11.8680,0.3436,-200,616,824,4011,-34,11,2
9062,1,11.7566,0.8924,-200,520,443,3986,-25,13,8
9072,1,11.7811,0.4655,-200,555,955,4060,-32,5,19
9082,1,11.8365,0.4655,-200,576,1064,4026,-32,11,11
9092,1,11.8317,0.6485,-200,530,824,3958,-29,14,-5
9102,1,11.8699,0.2216,-200,588,1008,4009,-36,7,3
9112,1,11.8774,0.0387,-200,892,926,4106,-39,13,12
9122,1,11.8755,-0.0223,-200,696,875,4022,-40,11,0
9132,1,11.8913,-0.5101,-200,584,935,3925,-48,5,3
9142,1,11.9160,-0.6320,-200,583,1022,4125,-50,1,34
9152,1,11.9203,-1.2418,-200,566,957,4074,-60,7,3
9162,1,11.9724,-1.4247,-200,521,1091,3879,-63,0,-2
9172,1,11.9488,-0.5710,-200,649,846,4139,-49,0,4
9182,1,11.8459,-0.6930,-200,604,561,4190,-51,0,-4
9192,1,11.8769,0.2216,-200,715,968,3951,-36,7,-15
9202,1,11.8575,0.4655,-200,573,777,3939,-32,4,8
9212,1,11.8734,0.5265,-200,811,940,4112,-31,5,21
9222,1,11.8669,0.7095,-200,589,848,4100,-28,11,6
9232,1,11.8374,0.2826,-200,597,755,3984,-35,12,-5
9242,1,12.0545,-0.5710,-200,533,1735,3999,-49,16,4
9252,1,12.0891,1.1363,-200,565,994,4075,-21,17,2
9262,1,12.1078,-0.0832,-200,618,946,3926,-41,14,-9
9272,1,12.1020,0.3436,-200,553,857,3986,-34,11,9
9282,1,12.0823,0.1607,-200,855,840,4122,-37,13,11
9292,1,12.0786,0.4655,-200,574,884,4106,-32,16,0
9302,1,12.1082,0.1607,-200,517,988,3975,-37,10,-2
9312,1,12.0834,0.4655,-200,562,800,4068,-32,1,25
9322,1,12.0779,0.0387,-200,740,886,4075,-39,5,8
9332,1,12.0762,-0.0832,-200,588,880,3964,-41,5,-2
9342,1,12.0458,0.2826,-200,555,785,4076,-35,4,15
9352,1,12.0421,-0.0832,-200,821,900,4099,-41,9,8
9362,1,12.1555,-0.2052,-200,636,1328,4017,-43,15,-1
9372,1,12.0182,0.3436,-200,624,389,3967,-34,11,5
9382,1,12.0340,-0.8149,-200,761,1014,4162,-53,12,37
9392,1,11.9893,-0.8149,-200,547,773,4100,-53,12,6
9402,1,11.9534,-1.3637,-200,601,795,3962,-62,7,3
9412,1,11.9212,-1.3027,-200,652,836,4123,-61,-1,20
9422,1,11.9536,-0.2662,-200,493,1048,4156,-44,-3,21
9432,1,11.8538,-0.6320,-200,767,529,3884,-50,5,3
9442,1,11.8938,-0.8149,-200,532,1058,4023,-53,0,15
9452,1,11.8690,0.2216,-200,912,802,4117,-36,-1,24
9462,1,11.8814,-0.0223,-200,646,937,4065,-40,11,-14
9472,1,12.1079,0.4655,-200,458,1726,3977,-32,8,18
9482,1,11.9948,1.9899,-200,654,426,4079,-7,14,28
9492,1,12.0417,1.3192,-200,527,1002,3967,-18,20,36
9502,1,12.0863,1.4412,-200,657,990,3958,-16,18,6
9512,1,12.0622,1.5021,-200,543,760,4051,-15,13,10
9522,1,12.0831,1.1973,-200,840,947,4101,-20,15,13
9532,2,12.1243,0.7704,0,694,1037,4083,-27,16,0
9542,2,12.1430,0.1607,0,550,949,3965,-37,12,-2
9552,2,12.1367,-0.2662,0,529,887,4022,-44,5,18
9562,2,12.4398,-3.9857,0,2815,1588,2781,-105,115,-60
9572,2,12.7706,-3.3759,0,46,1718,2846,-95,-3,-7
9582,2,12.8044,-2.7052,0,933,1293,4431,-84,-14,53
9592,2,12.6323,1.6241,0,983,273,4019,-13,24,62
9602,2,12.3832,4.2460,0,547,-105,4226,30,37,34
9612,2,12.5179,2.0509,0,609,1399,4159,-6,-4,-23
9622,2,12.5711,-2.7662,0,-888,1683,5499,-85,-18,-118
9632,2,13.0703,-4.1076,0,530,2728,3248,-107,-13,93
9642,2,12.7782,-0.0223,0,1375,-78,4284,-40,7,63
9652,2,12.5404,0.6485,0,887,81,4419,-29,43,-65
9662,2,12.5923,3.5143,0,-1151,1265,5114,18,-7,11
9672,2,12.9430,-0.9369,0,379,2812,4667,-55,19,45
9682,2,12.5927,0.0387,0,377,-313,4353,-39,-36,-67
9692,2,12.7857,-0.3881,0,1073,1617,3825,-46,13,-36
9702,2,12.7629,3.3924,0,-1802,1000,5415,16,-16,81
9712,2,13.2053,-0.2052,0,3440,2334,3276,-43,42,-15
9722,2,13.0900,-0.1442,0,12,478,3404,-42,23,36
9732,2,13.0787,-0.8149,0,-151,1385,5813,-53,-31,-2
9742,2,12.9814,-1.9735,0,875,601,3529,-72,90,28
9752,2,12.4494,3.5143,0,-2074,-1519,5724,18,-78,-1
9762,2,12.6595,0.1607,0,1581,1586,3672,-37,12,3
9772,2,12.1175,0.9534,0,-383,-1052,4089,-24,11,-44
9782,2,12.1124,2.9655,0,861,768,3991,9,-35,-15
9792,2,12.5479,-2.4003,0,2286,2445,3422,-79,94,-24
9802,2,12.0073,2.4777,0,-580,-793,2915,1,-4,3
9812,2,11.8260,2.5387,0,377,184,4831,2,-25,76
9822,2,11.9482,-2.0954,0,875,1538,4357,-74,9,-12
9832,2,11.1450,0.8314,0,547,-1584,2962,-26,5,58
9842,2,11.2394,0.5265,0,1009,1157,4011,-31,-7,-21
9852,2,11.3412,-1.9735,0,990,1280,3993,-72,27,-99
9862,2,11.1114,2.6607,0,653,-64,3790,4,30,123
9872,2,10.8295,2.1729,0,-432,-187,2999,-4,9,-14
9882,2,10.9210,0.8924,0,222,1388,5023,-25,-41,32
9892,2,11.2602,-3.9857,0,1500,2177,3723,-105,34,-72
9902,2,11.1162,-0.8149,0,-14,370,4280,-53,12,0
9912,2,10.6884,-1.4857,0,731,-369,2313,-64,56,-116
9922,2,10.4651,4.7948,0,-671,-183,4468,39,-9,46
9932,2,10.6429,-0.2052,0,1112,1600,4411,-43,-3,-46
9942,2,10.8058,-1.5466,0,659,1799,4935,-65,3,25
9952,2,10.7637,0.1607,0,829,668,4170,-37,0,0
9962,2,10.8174,-0.3271,0,389,1116,4446,-45,35,24
9972,2,10.8227,2.2948,0,-282,548,2975,-2,-7,56
9982,2,10.3187,-0.8149,0,-526,-1096,4567,-53,44,-81
9992,2,10.1931,3.5143,0,-298,260,5322,18,-66,13
10002,2,10.4224,-0.6930,0,1277,1726,4171,-51,-18,-2
10012,2,10.6050,-1.4247,0,2511,1711,4520,-63,20,-10
10022,2,10.6653,-0.0832,0,1074,1055,4187,-41,42,-9
10032,2,10.8716,-1.7905,0,786,1443,3512,-69,34,-57
10042,2,10.7756,-0.0223,0,-85,477,4146,-40,-18,12
10052,2,10.8852,-0.6930,0,1045,1515,4931,-51,13,9
10062,2,10.8706,-0.5101,0,343,601,3125,-48,7,17
10072,2,11.1721,0.2826,0,1744,1441,2917,-35,11,-12
10082,2,10.9452,-2.2784,0,368,74,2980,-77,31,-98
10092,2,10.9513,1.3802,0,536,658,3367,-17,-10,-48
10102,2,11.2279,-0.5101,0,1479,1285,2693,-48,80,31
10112,2,11.0950,1.9290,0,38,277,3844,-8,-10,73
10122,2,11.2184,0.4046,0,1182,1322,4181,-33,9,33
10132,2,11.2621,-0.5710,0,1425,717,2841,-49,69,-29
10142,2,10.8114,1.9899,0,-178,-781,3750,-7,1,9
10152,2,11.0177,0.2216,0,1427,1676,4255,-36,6,0
10162,2,10.8170,-1.3637,0,144,137,3680,-62,31,-36
10172,2,10.7907,0.7704,0,328,648,3828,-27,-18,-51
10182,2,11.0710,-2.3393,0,1806,1794,3609,-78,42,-64
10192,2,10.9839,-1.4247,0,-1463,651,4695,-63,-12,-21
10202,2,10.9718,-0.0223,0,1087,728,3791,-40,-1,-2
10212,2,11.1477,-1.4857,0,1578,1393,3633,-64,59,10
10222,2,11.3250,-1.6686,0,580,1562,4004,-67,24,76
10232,2,11.2588,-0.1442,0,622,695,4613,-42,7,32
10242,2,11.0012,-0.3271,0,-864,-79,4607,-45,-2,-26
10252,2,10.9817,-0.5710,0,1191,535,2808,-49,24,-14
10262,2,11.0803,-0.3881,0,774,1179,3959,-46,-4,-32
10272,2,11.3391,-2.2174,0,1635,1622,3387,-76,57,-57
10282,2,11.4029,-1.0588,0,268,1227,4416,-57,16,12
10292,2,11.4742,-0.1442,0,1207,1186,4270,-42,-1,9
10302,2,11.1089,1.3802,0,-1429,-567,4626,-17,-36,19
10312,2,11.3411,-1.3027,0,1736,1372,3105,-61,11,-7
10322,2,11.3428,1.6851,0,536,765,3905,-12,6,-43
10332,2,11.4646,0.7704,0,927,1353,4282,-27,24,-10
10342,2,11.4708,1.9290,0,1281,850,4249,-8,20,11
10352,2,11.5360,1.3192,0,1227,997,3837,-18,35,-19
10362,2,11.7526,-1.6686,0,-117,1906,4350,-67,14,-51
10372,2,11.6060,-0.4491,0,-299,357,3979,-47,0,53
10382,2,11.5104,1.5021,0,253,566,4915,-15,-18,8
10392,2,11.2904,-1.1198,0,-716,119,4424,-58,68,-32
10402,2,11.2921,1.9899,0,591,745,3876,-7,-21,19
10412,2,11.4048,-1.0588,0,1153,1378,4259,-57,21,-69
10422,2,10.9591,1.2582,0,-829,-1030,5291,-19,-49,9
10432,2,11.1124,1.1973,0,1014,1322,3946,-20,-28,8
10442,2,11.1460,-0.3881,0,952,918,3835,-46,15,15
10452,2,11.0416,0.2826,0,-389,545,4963,-35,-43,2
10462,2,11.1378,0.5875,0,1347,1075,3737,-30,-29,19
10472,2,11.2427,-1.7905,0,770,1159,3623,-69,6,-25
10482,2,11.1682,2.4168,0,415,581,4860,0,-42,127
10492,2,11.2571,-0.3271,0,1351,1230,4219,-45,-4,-10
10502,2,11.3569,-1.1808,0,782,1238,3973,-59,32,-8
10512,2,11.0053,0.7095,0,-630,-429,4020,-28,11,21
10522,2,11.0825,-0.2662,0,1004,1201,4337,-44,6,-2